{
  "metric": "aesthetic",
  "average_score": 0.6547552943229675,
  "num_videos": 3,
  "per_video_results": [
    {
      "id": 1,
      "video_name": "1_480_ori_480.mp4",
      "aesthetic_score": 0.6338103413581848
    },
    {
      "id": 2,
      "video_name": "2_480_ori_480.mp4",
      "aesthetic_score": 0.5862811207771301
    },
    {
      "id": 3,
      "video_name": "3_480_ori_480.mp4",
      "aesthetic_score": 0.7441744208335876
    }
  ]
}